<?xml version="1.0" encoding="UTF-8"?>
<web-fragment version="3.0" xmlns="http://java.sun.com/xml/ns/javaee"
  xmlns:xsi="http://www.w3.org/2001/XMLSchema-instance"
  xsi:schemaLocation="http://java.sun.com/xml/ns/javaee
  http://java.sun.com/xml/ns/javaee/web-fragment_3_0.xsd">
  <servlet>
    <servlet-name>WebFragment</servlet-name>
    <servlet-class>
      net.ensode.glassfishbook.webfragment.WebFragmentServlet
    </servlet-class>
  </servlet>
  <servlet-mapping>
    <servlet-name>WebFragment</servlet-name>
    <url-pattern>/WebFragment</url-pattern>
  </servlet-mapping>
</web-fragment>
