<?xml version="1.0" encoding="UTF-8"?>
<profilesXml xmlns="http://maven.apache.org/PROFILES/1.0.0" xmlns:xsi="http://www.w3.org/2001/XMLSchema-instance"
  xsi:schemaLocation="http://maven.apache.org/PROFILES/1.0.0 http://maven.apache.org/xsd/profiles-1.0.0.xsd">
    <profiles>
        <profile>
            <id>netbeans-private</id>
            <activation>
                <property>
                    <name>netbeans.execution</name>
                    <value>true</value>
                </property>
            </activation>
            <properties>
                <netbeans.deployment.server.id>[/home/heffel/sges-v3/glassfish]deployer:gfv3ee6:localhost:4848</netbeans.deployment.server.id>
            </properties>
        </profile>
    </profiles>
</profilesXml>